ADJ,cosy,2165
NOUN,room,845
VERB,create,742
NOUN,space,587
VERB,feel,582
ADJ,warm,440
NOUN,living,397
NOUN,colour,390
NOUN,home,373
VERB,add,355
NOUN,bedroom,331
NOUN,idea,323
NOUN,cosy,319
NOUN,light,238
ADJ,perfect,218
VERB,look,206
ADJ,soft,202
NOUN,way,193
NOUN,atmosphere,190
NOUN,lighting,187
NOUN,kitchen,185
VERB,want,184
ADJ,dark,172
VERB,use,170
VERB,’,169
NOUN,wall,168
NOUN,winter,164
NOUN,feel,162
VERB,help,160
NOUN,sofa,160
ADJ,small,158
ADJ,good,155
NOUN,cosiness,143
NOUN,cosier,143
NOUN,garden,140
NOUN,tone,138
NOUN,warmth,137
NOUN,shade,131
VERB,invite,126
NOUN,texture,125
NOUN,bed,121
NOUN,area,121
NOUN,trend,120
NOUN,cushion,120
NOUN,vibe,116
NOUN,night,115
NOUN,design,114
ADJ,great,113
NOUN,style,113
VERB,bring,111
VERB,love,110
NOUN,look,109
NOUN,rug,109
NOUN,throw,107
NOUN,time,105
NOUN,evening,99
NOUN,year,98
VERB,come,97
VERB,choose,94
ADJ,natural,94
NOUN,season,94
NOUN,blanket,94
NOUN,candle,88
NOUN,wood,87
NOUN,thing,87
ADJ,new,87
VERB,relax,86
VERB,work,83
ADJ,light,83
NOUN,lamp,82
ADJ,large,82
NOUN,table,81
NOUN,corner,81
NOUN,autumn,80
NOUN,guest,79
VERB,think,76
NOUN,bathroom,76
NOUN,scheme,76
VERB,need,75
NOUN,ambience,74
NOUN,comfort,73
ADJ,extra,73
ADJ,bright,73
ADJ,outdoor,72
ADJ,white,71
NOUN,nook,70
NOUN,furniture,69
NOUN,feeling,69
ADJ,deep,69
NOUN,month,68
VERB,opt,68
VERB,set,66
NOUN,touch,65
ADJ,earthy,65
NOUN,day,64
VERB,live,64
NOUN,layer,64
ADJ,ideal,64
NOUN,scent,63
NOUN,dining,63
ADJ,easy,63
NOUN,fabric,62
NOUN,floor,62
NOUN,curtain,62
VERB,inspire,62
NOUN,family,62
ADJ,cold,62
VERB,turn,61
NOUN,seating,61
NOUN,sense,61
VERB,cocoon,60
VERB,provide,60
NOUN,chair,60
ADJ,neutral,58
ADJ,different,58
ADJ,cool,57
ADJ,comfortable,56
NOUN,duvet,56
NOUN,hue,56
NOUN,material,55
ADJ,right,54
NOUN,window,53
ADJ,intimate,53
ADJ,little,53
NOUN,choice,53
VERB,mean,52
VERB,layer,52
VERB,welcome,52
NOUN,ceiling,51
NOUN,spot,51
NOUN,place,51
VERB,paint,50
ADJ,big,50
ADJ,rich,49
NOUN,pattern,49
NOUN,glow,48
VERB,light,48
NOUN,reading,48
VERB,offer,48
NOUN,interior,48
VERB,transform,47
ADJ,open,47
NOUN,summer,47
VERB,pair,46
VERB,allow,46
VERB,enhance,46
VERB,enjoy,44
ADJ,hot,44
NOUN,decor,44
VERB,consider,44
VERB,ensure,43
NOUN,environment,43
ADJ,traditional,43
ADJ,super,43
VERB,embrace,43
VERB,find,43
NOUN,option,43
ADJ,important,42
NOUN,effect,42
ADJ,favourite,42
NOUN,temperature,42
NOUN,element,42
VERB,warm,42
VERB,cosy,41
NOUN,mood,41
NOUN,snug,41
NOUN,fire,41
NOUN,depth,41
NOUN,palette,41
NOUN,aesthetic,40
VERB,decorate,40
ADJ,modern,40
VERB,shade,39
VERB,stay,39
ADJ,luxurious,39
VERB,fill,39
VERB,sit,38
VERB,try,38
NOUN,accessory,38
ADJ,relaxed,38
VERB,spend,38
NOUN,fireplace,37
ADJ,key,37
NOUN,people,37
ADJ,sure,37
NOUN,carpet,37
NOUN,furnishing,37
NOUN,house,37
NOUN,cottage,37
ADJ,stylish,37
NOUN,green,37
VERB,incorporate,37
ADJ,interior,36
ADJ,festive,36
NOUN,linen,36
NOUN,grey,35
NOUN,feature,35
VERB,place,35
VERB,design,35
NOUN,lot,35
NOUN,retreat,34
VERB,achieve,34
VERB,include,34
NOUN,sleep,34
VERB,know,34
NOUN,nature,33
ADJ,rustic,33
NOUN,country,33
NOUN,plenty,33
VERB,read,33
ADJ,simple,33
NOUN,level,33
ADJ,blue,33
NOUN,tree,32
VERB,snuggle,32
NOUN,paint,32
NOUN,piece,32
NOUN,point,32
ADJ,calm,32
NOUN,friend,31
ADJ,long,31
VERB,start,31
NOUN,terracotta,31
ADJ,green,31
ADJ,ready,31
ADJ,autumnal,31
NOUN,book,31
VERB,combine,31
VERB,comfort,30
NOUN,heating,30
ADJ,popular,30
ADJ,wooden,30
NOUN,statement,30
NOUN,lounge,29
NOUN,door,29
VERB,cosiness,29
ADJ,timeless,29
NOUN,cotton,29
NOUN,inviting,29
VERB,bed,29
ADJ,bold,29
NOUN,wool,29
NOUN,boucle,29
ADJ,black,28
VERB,recommend,28
NOUN,range,28
NOUN,end,28
ADJ,essential,28
NOUN,collection,28
ADJ,beautiful,28
NOUN,velvet,28
ADJ,aesthetic,28
ADJ,lovely,27
ADJ,classic,27
NOUN,neutral,27
ADJ,fresh,27
NOUN,seat,27
ADJ,high,26
ADJ,-,26
NOUN,armchair,26
NOUN,fairy,25
ADJ,ultimate,25
ADJ,toned,25
ADJ,cosiness,25
ADJ,practical,25
VERB,watch,25
NOUN,relaxation,25
VERB,pick,24
ADJ,welcoming,24
NOUN,addition,24
NOUN,dinner,24
ADJ,contemporary,24
NOUN,blue,24
ADJ,available,24
NOUN,life,24
NOUN,plan,24
VERB,hang,24
NOUN,example,24
NOUN,accent,23
VERB,draw,23
NOUN,morning,23
NOUN,heater,23
ADJ,colder,23
NOUN,luxury,23
NOUN,coffee,23
VERB,invest,22
NOUN,interest,22
ADJ,real,22
NOUN,sanctuary,22
NOUN,underfoot,22
NOUN,textile,22
VERB,introduce,22
NOUN,mattress,22
NOUN,expert,22
ADJ,electric,22
NOUN,bit,22
NOUN,patio,22
NOUN,weather,22
NOUN,bulb,22
ADJ,low,22
NOUN,brown,22
NOUN,red,21
VERB,calm,21
NOUN,fur,21
NOUN,alcove,21
NOUN,finish,21
NOUN,flooring,21
NOUN,solution,21
VERB,fit,21
VERB,like,21
NOUN,heat,21
VERB,avoid,21
NOUN,print,20
NOUN,glass,20
NOUN,appeal,20
NOUN,fragrance,20
NOUN,use,20
VERB,sleep,20
NOUN,bath,20
ADJ,faux,20
NOUN,hand,20
ADJ,grey,19
NOUN,storage,19
NOUN,haven,19
NOUN,moment,19
VERB,dress,19
ADJ,red,19
ADJ,scented,19
ADJ,safe,19
VERB,focus,19
NOUN,tv,19
VERB,face,19
ADJ,like,19
ADJ,old,18
NOUN,heart,18
NOUN,list,18
NOUN,trick,18
NOUN,cover,18
VERB,soften,18
NOUN,wallpaper,18
NOUN,setting,18
ADJ,tactile,18
ADJ,focal,18
NOUN,airy,18
VERB,finish,18
VERB,burn,18
ADJ,seasonal,18
NOUN,burner,18
NOUN,set,17
NOUN,factor,17
NOUN,leather,17
VERB,buy,17
NOUN,bedding,17
NOUN,cabinet,17
NOUN,mind,17
NOUN,contrast,17
NOUN,decoration,17
NOUN,size,17
ADJ,pink,17
NOUN,shape,17
ADJ,brown,17
ADJ,decor,17
VERB,cover,17
ADJ,ambient,17
NOUN,pillow,17
NOUN,gold,17
ADJ,sophisticated,17
ADJ,layered,17
ADJ,hard,17
VERB,play,17
VERB,colour,17
VERB,grow,17
NOUN,world,17
NOUN,plant,17
ADJ,sleek,17
VERB,wrap,17
NOUN,orange,16
VERB,prefer,16
NOUN,chocolate,16
NOUN,mix,16
ADJ,pendant,16
NOUN,basket,16
VERB,mute,16
NOUN,character,16
NOUN,undertone,16
NOUN,pink,16
ADJ,overall,16
ADJ,sumptuous,16
NOUN,office,16
NOUN,water,16
NOUN,pit,16
ADJ,chic,16
NOUN,work,15
ADJ,smart,15
VERB,suit,15
VERB,position,15
NOUN,rest,15
VERB,floor,15
VERB,forget,15
NOUN,frame,15
VERB,cosye,15
VERB,brush,15
ADJ,personal,15
ADJ,gorgeous,15
NOUN,foot,15
NOUN,balance,15
ADJ,short,15
NOUN,theme,15
ADJ,colourful,15
NOUN,eye,15
NOUN,line,15
NOUN,cocooning,15
NOUN,couple,15
NOUN,item,15
VERB,style,15
VERB,illuminate,15
VERB,evoke,15
VERB,curl,15
NOUN,cocoon,15
NOUN,north,15
ADJ,nice,15
VERB,mix,15
VERB,lean,15
ADJ,comfy,15
NOUN,scene,15
ADJ,yellow,15
ADJ,clever,15
VERB,leave,15
ADJ,nostalgic,15
ADJ,functional,14
ADJ,plush,14
NOUN,combination,14
ADJ,vibrant,14
NOUN,charm,14
NOUN,blind,14
NOUN,task,14
VERB,change,14
NOUN,toe,14
NOUN,pile,14
ADJ,dramatic,14
NOUN,approach,14
NOUN,energy,14
NOUN,panelling,14
NOUN,budget,14
ADJ,chilly,14
ADJ,quick,14
ADJ,versatile,14
NOUN,chill,14
NOUN,kid,14
NOUN,benefit,14
ADJ,subtle,14
VERB,build,14
NOUN,topper,14
VERB,entertain,14
VERB,knit,14
VERB,drench,14
VERB,reflect,14
NOUN,quality,14
VERB,complement,14
VERB,ground,14
NOUN,designer,13
NOUN,vintage,13
NOUN,bench,13
ADJ,similar,13
ADJ,thick,13
VERB,select,13
VERB,feature,13
VERB,envelop,13
NOUN,pumpkin,13
VERB,let,13
ADJ,gentle,13
NOUN,source,13
NOUN,ambiance,13
NOUN,air,13
NOUN,hallway,13
ADJ,decorative,13
VERB,shape,13
ADJ,brilliant,13
VERB,elevate,13
ADJ,late,13
NOUN,log,13
VERB,depend,13
ADJ,compact,13
VERB,switch,13
VERB,lead,13
ADJ,moody,13
VERB,texture,13
NOUN,love,13
NOUN,fleece,12
VERB,bedroom,12
VERB,unwind,12
ADJ,fluffy,12
NOUN,white,12
VERB,plan,12
VERB,close,12
NOUN,variety,12
ADJ,quiet,12
VERB,throw,12
VERB,promote,12
ADJ,affordable,12
NOUN,warming,12
ADJ,colour,12
NOUN,headboard,12
NOUN,holiday,12
NOUN,inspiration,12
ADJ,harsh,12
VERB,match,12
VERB,stand,12
NOUN,view,12
ADJ,curved,12
NOUN,cream,12
NOUN,mistake,12
NOUN,blend,12
NOUN,zone,12
NOUN,brass,12
ADJ,snug,12
ADJ,rattan,12
NOUN,tile,11
NOUN,wonder,11
VERB,guarantee,11
NOUN,mug,11
NOUN,%,11
NOUN,key,11
NOUN,child,11
VERB,update,11
ADJ,happy,11
NOUN,type,11
NOUN,surface,11
VERB,nail,11
NOUN,brand,11
VERB,exude,11
ADJ,cohesive,11
ADJ,strong,11
NOUN,forest,11
NOUN,film,11
VERB,maintain,11
NOUN,pop,11
NOUN,led,11
ADJ,thermal,11
NOUN,hour,11
NOUN,lack,11
NOUN,need,11
NOUN,cost,11
NOUN,difference,11
VERB,encourage,11
ADJ,vintage,11
VERB,suggest,11
VERB,appear,11
NOUN,backdrop,11
NOUN,stove,11
VERB,seat,11
VERB,store,11
VERB,pop,11
VERB,tend,11
ADJ,metallic,11
NOUN,radiator,11
NOUN,layout,11
ADJ,worth,11
ADJ,hygge,11
NOUN,change,11
ADJ,crisp,11
NOUN,art,11
NOUN,tip,11
VERB,soothe,11
NOUN,shelf,11
NOUN,sun,11
ADJ,inviting,11
VERB,surround,11
NOUN,fan,11
NOUN,cabinetry,10
VERB,favour,10
NOUN,height,10
NOUN,spring,10
NOUN,cottagecore,10
NOUN,softness,10
ADJ,effective,10
NOUN,fixture,10
VERB,host,10
ADJ,fine,10
ADJ,social,10
ADJ,beige,10
VERB,recreate,10
NOUN,fact,10
VERB,fall,10
ADJ,bedding,10
VERB,define,10
VERB,strike,10
NOUN,impact,10
VERB,heat,10
VERB,stop,10
VERB,contrast,10
NOUN,cabin,10
VERB,drape,10
NOUN,brightness,10
NOUN,party,10
ADJ,entire,10
NOUN,detail,10
NOUN,concept,10
NOUN,décor,10
ADJ,complete,10
ADJ,huge,10
NOUN,tea,10
ADJ,excellent,10
VERB,break,10
NOUN,edge,10
NOUN,candlelight,10
ADJ,indoor,10
NOUN,property,10
VERB,serve,10
ADJ,friendly,10
VERB,cook,10
VERB,walk,9
VERB,result,9
NOUN,tog,9
ADJ,coloured,9
VERB,remember,9
NOUN,spice,9
ADJ,comforting,9
NOUN,thank,9
VERB,drop,9
NOUN,dimmer,9
VERB,curate,9
VERB,benefit,9
NOUN,illusion,9
NOUN,popularity,9
NOUN,stone,9
NOUN,opportunity,9
NOUN,breakfast,9
VERB,wait,9
NOUN,elegance,9
NOUN,festoon,9
VERB,seek,9
ADJ,efficient,9
NOUN,blush,9
NOUN,joy,9
NOUN,lampshade,9
NOUN,paper,9
ADJ,instant,9
ADJ,breathable,9
VERB,stick,9
NOUN,movie,9
NOUN,term,9
VERB,balance,9
VERB,aim,9
NOUN,daylight,9
VERB,overlook,9
ADJ,serene,9
ADJ,textured,9
NOUN,power,9
NOUN,calm,9
ADJ,visual,9
ADJ,heated,9
NOUN,job,9
ADJ,trendy,9
ADJ,eclectic,9
ADJ,true,9
VERB,glow,9
VERB,kick,9
VERB,wash,9
NOUN,regulation,9
VERB,boost,9
NOUN,string,9
NOUN,cup,9
ADJ,restful,9
NOUN,hotel,9
ADJ,clean,9
NOUN,search,9
NOUN,base,9
ADJ,free,9
ADJ,snuggly,8
ADJ,harmonious,8
VERB,arrange,8
NOUN,timber,8
VERB,maximise,8
NOUN,system,8
VERB,run,8
NOUN,signature,8
NOUN,week,8
NOUN,experience,8
ADJ,relaxing,8
VERB,expect,8
NOUN,clutter,8
NOUN,sofas,8
VERB,mention,8
NOUN,body,8
ADJ,excited,8
ADJ,unique,8
VERB,pull,8
NOUN,festivity,8
NOUN,tub,8
VERB,retreat,8
NOUN,treat,8
NOUN,privacy,8
NOUN,practicality,8
ADJ,possible,8
VERB,tie,8
NOUN,knit,8
VERB,energise,8
VERB,perfect,8
NOUN,insulation,8
NOUN,dressing,8
VERB,hit,8
VERB,cast,8
NOUN,charcoal,8
NOUN,wine,8
NOUN,yellow,8
NOUN,girl,8
NOUN,lantern,8
NOUN,homeware,8
NOUN,flower,8
VERB,wake,8
ADJ,busy,8
ADJ,wide,8
NOUN,period,8
NOUN,fibre,8
ADJ,separate,8
ADJ,coastal,8
ADJ,nordic,8
VERB,pile,8
NOUN,diffuser,8
NOUN,homeowner,8
VERB,save,8
NOUN,form,8
NOUN,rise,8
NOUN,panel,8
VERB,inject,8
NOUN,sunlight,8
NOUN,cooking,8
NOUN,artwork,8
NOUN,indoor,8
NOUN,build,8
NOUN,taupe,8
NOUN,chunky,8
VERB,decide,8
NOUN,sophistication,8
ADJ,scandinavian,8
NOUN,leg,8
VERB,beat,8
VERB,believe,8
ADJ,heavy,8
NOUN,fun,8
NOUN,houseplant,8
VERB,reduce,8
VERB,highlight,8
ADJ,sunny,8
ADJ,balanced,8
NOUN,sock,8
ADJ,accent,8
VERB,team,8
ADJ,organic,8
NOUN,hygge,8
NOUN,olive,8
VERB,lend,8
ADJ,current,8
VERB,zone,8
VERB,miss,7
NOUN,smell,7
NOUN,den,7
NOUN,drama,7
NOUN,cinema,7
NOUN,desire,7
VERB,gather,7
NOUN,surprise,7
NOUN,rustic,7
VERB,overpower,7
VERB,dry,7
NOUN,bouclé,7
ADJ,tiny,7
VERB,capture,7
VERB,imagine,7
VERB,lie,7
NOUN,shower,7
ADJ,chunky,7
ADJ,cute,7
VERB,lounge,7
ADJ,elevated,7
NOUN,woodwork,7
ADJ,pale,7
ADJ,solar,7
NOUN,snack,7
NOUN,playroom,7
ADJ,special,7
NOUN,check,7
NOUN,diner,7
NOUN,ease,7
NOUN,sandalwood,7
NOUN,switch,7
NOUN,sleeper,7
NOUN,display,7
ADJ,delicious,7
ADJ,magical,7
VERB,block,7
ADJ,double,7
NOUN,leave,7
NOUN,medium,7
VERB,deliver,7
ADJ,outside,7
VERB,swap,7
NOUN,makeover,7
ADJ,creamy,7
ADJ,antique,7
ADJ,fabulous,7
ADJ,floral,7
ADJ,original,7
NOUN,unit,7
VERB,blend,7
NOUN,starting,7
ADJ,elegant,7
NOUN,sheepskin,7
NOUN,styling,7
NOUN,mustard,7
NOUN,personality,7
VERB,line,7
VERB,lay,7
VERB,emit,7
NOUN,ingredient,7
VERB,exist,7
NOUN,bill,7
NOUN,gathering,7
NOUN,beauty,7
NOUN,win,7
VERB,escape,7
VERB,ramp,7
NOUN,centre,7
NOUN,weekend,7
NOUN,bottle,7
NOUN,marble,7
VERB,associate,7
NOUN,warmer,7
VERB,increase,7
VERB,crave,7
ADJ,stunning,7
NOUN,sage,7
NOUN,blackout,7
ADJ,pastel,7
VERB,insulate,7
ADJ,main,7
NOUN,beam,7
NOUN,hub,7
NOUN,bedside,7
NOUN,round,7
NOUN,treatment,7
VERB,tone,7
VERB,reveal,7
VERB,lose,7
VERB,nurture,7
ADJ,whimsical,7
ADJ,wonderful,7
NOUN,cabincore,7
NOUN,arrangement,7
NOUN,star,7
NOUN,island,7
VERB,tuck,6
ADJ,spacious,6
VERB,brighten,6
ADJ,creative,6
NOUN,sky,6
VERB,bear,6
NOUN,foliage,6
VERB,struggle,6
NOUN,brick,6
NOUN,food,6
VERB,rest,6
VERB,shut,6
NOUN,ground,6
NOUN,conservatory,6
NOUN,sconce,6
NOUN,ability,6
VERB,obsess,6
NOUN,price,6
ADJ,plain,6
ADJ,common,6
ADJ,minimalist,6
ADJ,useful,6
NOUN,taste,6
NOUN,half,6
NOUN,instant,6
NOUN,tactile,6
ADJ,romantic,6
VERB,craft,6
NOUN,measure,6
VERB,replace,6
VERB,double,6
NOUN,process,6
VERB,celebrate,6
ADJ,welcome,6
VERB,cool,6
ADJ,narrow,6
ADJ,distinct,6
NOUN,functionality,6
ADJ,tranquil,6
NOUN,hint,6
NOUN,activity,6
ADJ,calming,6
ADJ,suitable,6
NOUN,drenching,6
ADJ,flat,6
NOUN,queen,6
NOUN,extension,6
NOUN,minimalist,6
VERB,scatter,6
VERB,lack,6
NOUN,oak,6
ADJ,muted,6
NOUN,bay,6
NOUN,box,6
NOUN,desk,6
VERB,display,6
ADJ,minimal,6
NOUN,minute,6
NOUN,money,6
ADJ,central,6
NOUN,mirror,6
NOUN,favour,6
NOUN,bag,6
NOUN,picture,6
NOUN,upholstery,6
VERB,hold,6
VERB,continue,6
ADJ,handy,6
NOUN,footstool,6
VERB,prevent,6
NOUN,sheet,6
NOUN,purpose,6
ADJ,wrong,6
VERB,pack,6
NOUN,oasis,6
NOUN,oil,6
NOUN,shelving,6
VERB,transition,6
ADJ,unexpected,6
VERB,saturate,6
NOUN,selection,6
NOUN,dream,6
ADJ,cluttered,6
ADJ,interesting,6
NOUN,cinnamon,6
ADJ,clear,6
NOUN,help,6
VERB,soak,6
NOUN,role,6
ADJ,appealing,6
NOUN,tap,6
NOUN,copper,6
NOUN,thought,6
NOUN,bookshelf,6
NOUN,draught,6
NOUN,greenhouse,6
NOUN,case,6
NOUN,match,6
VERB,translate,6
ADJ,additional,6
ADJ,synonymous,6
NOUN,story,6
NOUN,bar,6
ADJ,luxe,6
NOUN,egg,6
VERB,require,6
VERB,complete,6
ADJ,major,6
NOUN,owner,6
VERB,follow,6
NOUN,farmhouse,6
NOUN,bedtime,6
NOUN,effort,6
NOUN,kind,6
ADJ,certain,6
ADJ,solid,6
NOUN,note,6
VERB,expose,6
ADJ,reminiscent,6
NOUN,slipper,6
VERB,sink,6
NOUN,product,6
NOUN,navy,6
VERB,pare,6
ADJ,recent,6
ADJ,wireless,6
NOUN,pot,6
ADJ,premium,5
NOUN,library,5
NOUN,wicker,5
VERB,express,5
VERB,pattern,5
NOUN,seater,5
NOUN,partner,5
NOUN,person,5
ADJ,industrial,5
NOUN,afternoon,5
VERB,catch,5
ADJ,equal,5
NOUN,nostalgia,5
VERB,contribute,5
NOUN,ambient,5
VERB,remind,5
VERB,share,5
VERB,form,5
ADJ,round,5
NOUN,apple,5
VERB,receive,5
VERB,dominate,5
VERB,rise,5
VERB,absorb,5
VERB,spruce,5
NOUN,head,5
NOUN,pick,5
VERB,remain,5
NOUN,lounging,5
ADJ,oversized,5
NOUN,twist,5
VERB,overheat,5
NOUN,step,5
NOUN,outside,5
VERB,date,5
VERB,embody,5
VERB,ooze,5
VERB,socialise,5
VERB,extend,5
ADJ,likely,5
ADJ,past,5
NOUN,worktop,5
NOUN,earth,5
VERB,cuddle,5
NOUN,facing,5
NOUN,dimension,5
NOUN,conversation,5
ADJ,golden,5
ADJ,architectural,5
ADJ,sanctuary,5
NOUN,layering,5
NOUN,utility,5
NOUN,arm,5
NOUN,rule,5
ADJ,overhead,5
NOUN,pergola,5
VERB,open,5
VERB,refer,5
VERB,enclose,5
NOUN,cord,5
ADJ,cocooning,5
VERB,dedicate,5
NOUN,occasion,5
NOUN,cafe,5
VERB,wind,5
VERB,talk,5
VERB,control,5
NOUN,hug,5
NOUN,cat,5
NOUN,mat,5
VERB,tactile,5
VERB,flicker,5
NOUN,cashmere,5
NOUN,cloud,5
NOUN,terrace,5
ADJ,uninviting,5
ADJ,smooth,5
ADJ,weighted,5
NOUN,genius,5
ADJ,daily,5
ADJ,woollen,5
VERB,hope,5
NOUN,array,5
ADJ,stark,5
NOUN,tool,5
NOUN,herringbone,5
VERB,weave,5
VERB,infuse,5
VERB,indulge,5
VERB,act,5
ADJ,unwind,5
ADJ,standard,5
ADJ,peaceful,5
ADJ,aged,5
NOUN,opinion,5
NOUN,cushioning,5
NOUN,garland,5
ADJ,early,5
VERB,settle,5
ADJ,fast,5
ADJ,dusky,5
VERB,boast,5
VERB,amp,5
NOUN,highlight,5
NOUN,section,5
ADJ,expensive,5
NOUN,pastel,5
NOUN,core,5
NOUN,versatility,5
ADJ,powerful,5
NOUN,grain,5
NOUN,nest,5
NOUN,daytime,5
NOUN,sale,5
ADJ,dimmable,5
NOUN,fashion,5
VERB,happen,5
NOUN,bestseller,5
NOUN,peace,5
NOUN,creativity,5
ADJ,particular,5
NOUN,barn,5
NOUN,metal,5
NOUN,soak,5
VERB,test,5
NOUN,motif,5
NOUN,gown,5
NOUN,gonk,5
VERB,fold,5
ADJ,uni,5
VERB,instal,5
VERB,vary,5
VERB,trend,5
ADJ,mid,5
NOUN,intimacy,5
VERB,tell,5
NOUN,nail,5
ADJ,general,5
ADJ,mini,5
VERB,vibe,5
NOUN,cosiest,5
NOUN,drop,5
NOUN,instance,5
NOUN,flame,5
NOUN,scatter,5
NOUN,appetite,5
NOUN,refresh,5
VERB,snug,5
NOUN,sight,5
VERB,begin,5
VERB,comfy,5
NOUN,courtyard,4
NOUN,vinyl,4
NOUN,l,4
VERB,link,4
NOUN,value,4
NOUN,bet,4
NOUN,memory,4
ADJ,internal,4
ADJ,pleasing,4
NOUN,vase,4
VERB,anchor,4
NOUN,buy,4
NOUN,stress,4
VERB,redecorate,4
NOUN,mezzanine,4
VERB,measure,4
NOUN,towel,4
NOUN,heritage,4
NOUN,focus,4
VERB,frame,4
NOUN,master,4
ADJ,bohemian,4
NOUN,version,4
ADJ,mixed,4
ADJ,danish,4
NOUN,gas,4
NOUN,control,4
VERB,launch,4
VERB,experience,4
NOUN,trending,4
VERB,stylish,4
VERB,shine,4
VERB,protect,4
NOUN,dog,4
NOUN,club,4
ADJ,grounded,4
NOUN,turn,4
ADJ,striking,4
ADJ,tempting,4
ADJ,obvious,4
NOUN,condition,4
VERB,rock,4
NOUN,bank,4
ADJ,peachy,4
NOUN,draft,4
NOUN,architecture,4
NOUN,strip,4
NOUN,quilt,4
VERB,adapt,4
VERB,range,4
NOUN,spotlight,4
ADJ,intense,4
NOUN,pocket,4
VERB,adjust,4
ADJ,bare,4
NOUN,setup,4
NOUN,sign,4
NOUN,spa,4
NOUN,shed,4
VERB,base,4
ADJ,crucial,4
ADJ,young,4
NOUN,cedar,4
NOUN,bespoke,4
NOUN,stylist,4
VERB,showcase,4
ADJ,rounded,4
NOUN,pressure,4
VERB,produce,4
VERB,cause,4
NOUN,investment,4
NOUN,machine,4
ADJ,distinctive,4
ADJ,everyday,4
VERB,slow,4
NOUN,tablescape,4
VERB,learn,4
NOUN,tableware,4
NOUN,access,4
VERB,search,4
VERB,drive,4
NOUN,pool,4
ADJ,informal,4
ADJ,underfloor,4
ADJ,plenty,4
VERB,source,4
NOUN,series,4
ADJ,impactful,4
VERB,represent,4
ADJ,mattress,4
ADJ,cozy,4
NOUN,wash,4
NOUN,support,4
ADJ,spare,4
NOUN,rail,4
ADJ,orange,4
VERB,regulate,4
NOUN,calmness,4
NOUN,chance,4
NOUN,pom,4
NOUN,barrier,4
VERB,blame,4
NOUN,dark,4
ADJ,rechargeable,4
NOUN,minimalism,4
ADJ,limited,4
ADJ,physical,4
ADJ,beneficial,4
NOUN,toasty,4
NOUN,advantage,4
NOUN,pine,4
NOUN,monochrome,4
VERB,smell,4
NOUN,pet,4
ADJ,scottish,4
ADJ,chillier,4
VERB,crank,4
VERB,shop,4
NOUN,purple,4
NOUN,study,4
NOUN,tartan,4
NOUN,stripe,4
NOUN,hit,4
NOUN,order,4
NOUN,course,4
NOUN,burgundy,4
NOUN,richness,4
NOUN,bean,4
ADJ,shaggy,4
NOUN,winner,4
ADJ,charming,4
ADJ,playful,4
VERB,radiate,4
VERB,function,4
NOUN,vessel,4
ADJ,sociable,4
ADJ,expansive,4
NOUN,spectrum,4
VERB,size,4
VERB,prove,4
VERB,install,4
NOUN,walk,4
NOUN,decision,4
NOUN,alternative,4
NOUN,connection,4
NOUN,shift,4
ADJ,scary,4
VERB,reserve,4
VERB,connect,4
ADJ,multi,4
VERB,reclaim,4
ADJ,living,4
NOUN,flexibility,4
NOUN,bowl,4
NOUN,favourite,4
NOUN,reason,4
VERB,contain,4
ADJ,rug,4
NOUN,gift,4
NOUN,planting,4
NOUN,frankincense,4
NOUN,scale,4
NOUN,lifestyle,4
NOUN,centrepiece,4
NOUN,majority,4
NOUN,game,4
VERB,overwhelm,4
NOUN,chaise,4
NOUN,greenery,4
NOUN,secret,4
NOUN,plum,4
ADJ,able,4
VERB,repurpose,4
NOUN,inglenook,4
ADJ,balcony,4
NOUN,bauble,4
NOUN,ornament,4
ADJ,spicy,4
NOUN,grounding,4
NOUN,boho,4
NOUN,escape,4
NOUN,photo,4
VERB,clean,4
NOUN,roof,4
NOUN,route,4
NOUN,amber,4
NOUN,ikea,4
NOUN,holder,4
NOUN,situation,4
VERB,retain,3
VERB,promise,3
ADJ,productive,3
ADJ,upholstered,3
ADJ,previous,3
ADJ,abstract,3
NOUN,hibernation,3
NOUN,recliner,3
NOUN,hanging,3
VERB,arm,3
NOUN,sitting,3
NOUN,stocking,3
NOUN,moisture,3
NOUN,preference,3
ADJ,glorious,3
NOUN,result,3
NOUN,state,3
NOUN,essential,3
NOUN,welcome,3
NOUN,dress,3
VERB,accentuate,3
VERB,glaze,3
NOUN,align,3
ADJ,half,3
NOUN,emphasis,3
ADJ,sterile,3
ADJ,breezy,3
NOUN,fence,3
ADJ,individual,3
NOUN,epitome,3
NOUN,proportion,3
VERB,meet,3
ADJ,private,3
ADJ,sunken,3
NOUN,tray,3
NOUN,pump,3
NOUN,matter,3
ADJ,japanese,3
ADJ,casual,3
NOUN,k,3
VERB,filter,3
NOUN,spooky,3
NOUN,adult,3
NOUN,question,3
NOUN,shutter,3
NOUN,feather,3
NOUN,sleeping,3
ADJ,frosted,3
VERB,treat,3
VERB,write,3
VERB,dial,3
VERB,divide,3
NOUN,painting,3
NOUN,household,3
ADJ,far,3
NOUN,vanilla,3
NOUN,seed,3
ADJ,firm,3
NOUN,alfresco,3
NOUN,basis,3
NOUN,glassware,3
NOUN,fitting,3
NOUN,sort,3
ADJ,typical,3
VERB,',3
VERB,waste,3
VERB,resonate,3
VERB,return,3
VERB,agree,3
NOUN,pan,3
ADJ,necessary,3
VERB,utilise,3
NOUN,mode,3
VERB,shift,3
VERB,greet,3
VERB,enter,3
VERB,emulate,3
VERB,climb,3
ADJ,sweet,3
ADJ,knitted,3
NOUN,firepit,3
NOUN,parasol,3
NOUN,impression,3
ADJ,clinical,3
ADJ,single,3
ADJ,attic,3
NOUN,boiler,3
VERB,notice,3
VERB,end,3
VERB,conjure,3
NOUN,clove,3
ADJ,drab,3
ADJ,suited,3
ADJ,authentic,3
NOUN,curve,3
ADJ,permanent,3
ADJ,stimulating,3
NOUN,flow,3
NOUN,skirting,3
ADJ,afraid,3
NOUN,frost,3
NOUN,filling,3
NOUN,sensation,3
NOUN,illumination,3
ADJ,pre,3
NOUN,hideaway,3
NOUN,emotion,3
NOUN,wave,3
NOUN,architect,3
VERB,offset,3
ADJ,emotional,3
NOUN,aid,3
VERB,dream,3
ADJ,staple,3
ADJ,thin,3
VERB,consist,3
VERB,roll,3
VERB,recharge,3
VERB,involve,3
NOUN,retro,3
NOUN,swivel,3
VERB,tap,3
VERB,desire,3
ADJ,cheerful,3
ADJ,boring,3
NOUN,play,3
NOUN,beetle,3
NOUN,runner,3
NOUN,hedgehog,3
NOUN,retailer,3
VERB,clue,3
NOUN,limitation,3
ADJ,liveable,3
NOUN,premium,3
NOUN,entrance,3
ADJ,frosty,3
VERB,roar,3
VERB,thrive,3
ADJ,atmospheric,3
NOUN,cupboard,3
NOUN,summery,3
NOUN,attention,3
NOUN,boot,3
NOUN,stool,3
VERB,carve,3
VERB,accord,3
VERB,alter,3
VERB,worry,3
NOUN,pendant,3
VERB,realise,3
NOUN,flick,3
ADJ,overwhelming,3
NOUN,autumnal,3
ADJ,layer,3
ADJ,delicate,3
ADJ,seamless,3
ADJ,washable,3
NOUN,aroma,3
ADJ,specific,3
ADJ,sturdy,3
VERB,hunker,3
VERB,cosie,3
VERB,skirt,3
VERB,cosset,3
NOUN,cooker,3
ADJ,absolute,3
NOUN,woodland,3
NOUN,appliance,3
VERB,apply,3
ADJ,wholesome,3
NOUN,shelter,3
NOUN,surrounding,3
VERB,prioritise,3
VERB,compare,3
VERB,encompass,3
ADJ,fantastic,3
ADJ,teenage,3
VERB,diffuse,3
NOUN,meal,3
NOUN,couch,3
NOUN,velvety,3
NOUN,recommendation,3
NOUN,method,3
VERB,rib,3
VERB,hide,3
VERB,jump,3
VERB,idea,3
VERB,spice,3
VERB,touch,3
VERB,drift,3
VERB,prepare,3
NOUN,essence,3
NOUN,routine,3
VERB,chat,3
NOUN,dose,3
ADJ,soothing,3
NOUN,jewel,3
NOUN,70,3
NOUN,harmony,3
NOUN,colourway,3
NOUN,voile,3
NOUN,mantelpiece,3
NOUN,enveloping,3
NOUN,-,3
NOUN,reverse,3
NOUN,sparkle,3
ADJ,multiple,3
VERB,quilt,3
NOUN,video,3
NOUN,patchwork,3
VERB,hate,3
VERB,release,3
ADJ,dedicated,3
ADJ,evocative,3
ADJ,sheer,3
VERB,appreciate,3
VERB,cut,3
NOUN,lining,3
NOUN,beige,3
ADJ,tall,3
NOUN,spicy,3
NOUN,pair,3
NOUN,simplicity,3
VERB,eat,3
VERB,root,3
VERB,refresh,3
NOUN,bamboo,3
NOUN,face,3
NOUN,bronze,3
VERB,cramp,3
VERB,appeal,3
ADJ,usual,3
NOUN,nursery,3
VERB,flow,3
VERB,understand,3
NOUN,fir,3
VERB,wing,3
VERB,wear,3
VERB,reach,3
VERB,wonder,3
ADJ,actual,3
ADJ,leafy,3
NOUN,jute,3
NOUN,guide,3
NOUN,masterclass,3
NOUN,doorstep,3
VERB,head,3
NOUN,floral,3
NOUN,like,3
NOUN,hone,3
ADJ,century,3
NOUN,bold,3
NOUN,lunch,3
NOUN,magic,3
NOUN,90,3
NOUN,hack,3
VERB,ditch,3
VERB,tufte,3
VERB,float,3
NOUN,marshmallow,3
ADJ,hedgehog,3
VERB,mount,3
NOUN,doubt,3
ADJ,sufficient,3
NOUN,middle,3
NOUN,function,3
ADJ,durable,3
NOUN,bird,3
VERB,justify,3
NOUN,jumper,3
NOUN,mint,3
NOUN,sweaty,3
ADJ,close,3
NOUN,timeless,3
NOUN,staple,3
ADJ,complementary,3
VERB,fight,3
NOUN,thermostat,3
NOUN,screen,3
VERB,uplift,3
NOUN,spirit,3
ADJ,petite,3
ADJ,enjoyable,3
VERB,rug,3
VERB,visit,3
NOUN,number,3
ADJ,pleased,3
NOUN,increase,3
NOUN,member,3
NOUN,hearth,3
NOUN,fix,3
NOUN,team,3
NOUN,reach,3
NOUN,television,3
ADJ,vital,3
VERB,chill,3
NOUN,fall,3
VERB,convert,3
VERB,round,3
VERB,invoke,3
NOUN,planter,3
ADJ,furry,3
ADJ,slow,3
NOUN,aspect,3
ADJ,french,3
ADJ,vertical,3
NOUN,demand,3
ADJ,bad,3
NOUN,matching,3
ADJ,mulled,3
ADJ,extreme,3
NOUN,pinch,2
ADJ,christmassy,2
NOUN,polyester,2
NOUN,patchouli,2
NOUN,start,2
NOUN,ribbon,2
NOUN,sherpa,2
NOUN,past,2
NOUN,adorable,2
NOUN,binge,2
NOUN,flannel,2
NOUN,cooler,2
NOUN,comeback,2
NOUN,traffic,2
VERB,boil,2
VERB,steer,2
VERB,remedy,2
VERB,operate,2
ADJ,beloved,2
ADJ,surprising,2
ADJ,spooky,2
NOUN,length,2
ADJ,dreamy,2
ADJ,straight,2
ADJ,upcoming,2
NOUN,noise,2
ADJ,textural,2
VERB,impose,2
NOUN,nigella,2
NOUN,pyjama,2
NOUN,influence,2
NOUN,surge,2
NOUN,tiktok,2
NOUN,soil,2
NOUN,abundance,2
NOUN,tenant,2
NOUN,appearance,2
VERB,tilt,2
VERB,hush,2
VERB,sport,2
VERB,admire,2
VERB,afford,2
VERB,win,2
NOUN,herb,2
NOUN,tie,2
NOUN,peppermint,2
NOUN,tealight,2
NOUN,embroidery,2
NOUN,shopper,2
NOUN,cuddle,2
NOUN,teepee,2
VERB,compromise,2
VERB,reckon,2
VERB,whip,2
VERB,warn,2
VERB,roast,2
VERB,hanker,2
VERB,yearn,2
VERB,dare,2
NOUN,skin,2
NOUN,trouser,2
NOUN,kit,2
NOUN,boost,2
VERB,carry,2
NOUN,countryside,2
NOUN,awe,2
NOUN,aim,2
VERB,induce,2
VERB,collect,2
VERB,rely,2
VERB,care,2
VERB,airy,2
VERB,endure,2
NOUN,zen,2
ADJ,multifunctional,2
NOUN,downtown,2
NOUN,cult,2
NOUN,attitude,2
NOUN,worry,2
NOUN,practice,2
NOUN,promise,2
NOUN,psychology,2
VERB,dot,2
VERB,clove,2
VERB,fire,2
VERB,deny,2
VERB,ask,2
VERB,brim,2
VERB,support,2
VERB,focusse,2
NOUN,close,2
NOUN,bedspread,2
NOUN,tactility,2
NOUN,wellbeing,2
VERB,coordinate,2
VERB,foster,2
VERB,trickle,2
VERB,wander,2
VERB,appoint,2
VERB,report,2
VERB,wellbee,2
VERB,sound,2
VERB,mirror,2
VERB,encounter,2
VERB,dip,2
NOUN,relaxing,2
NOUN,structure,2
NOUN,perimeter,2
NOUN,glamour,2
NOUN,crumble,2
NOUN,plate,2
NOUN,capacity,2
VERB,peel,2
VERB,hone,2
VERB,stuff,2
VERB,purchase,2
VERB,assume,2
VERB,pergola,2
NOUN,business,2
NOUN,east,2
NOUN,safety,2
NOUN,client,2
NOUN,assortment,2
NOUN,technique,2
NOUN,risk,2
NOUN,dash,2
NOUN,bustle,2
NOUN,store,2
VERB,transport,2
VERB,feed,2
VERB,explore,2
VERB,attribute,2
VERB,angle,2
VERB,trail,2
NOUN,exterior,2
ADJ,indulgent,2
NOUN,portion,2
NOUN,absence,2
NOUN,perspective,2
NOUN,authenticity,2
NOUN,hang,2
NOUN,surround,2
NOUN,lid,2
VERB,bake,2
VERB,assure,2
VERB,house,2
VERB,pump,2
VERB,integrate,2
VERB,cost,2
NOUN,reed,2
NOUN,rain,2
NOUN,self,2
NOUN,stay,2
NOUN,container,2
NOUN,bunk,2
NOUN,abode,2
ADJ,biophilic,2
ADJ,digital,2
VERB,drain,2
VERB,moisture,2
VERB,configure,2
VERB,harbour,2
VERB,note,2
VERB,sum,2
VERB,fragrance,2
VERB,scallop,2
VERB,span,2
NOUN,norm,2
NOUN,vine,2
ADJ,worried,2
NOUN,pinecone,2
NOUN,bundle,2
NOUN,timelessness,2
NOUN,placement,2
VERB,emphasise,2
VERB,freestande,2
VERB,describe,2
ADJ,silky,2
NOUN,group,2
NOUN,warm,2
NOUN,tandem,2
NOUN,hazard,2
NOUN,science,2
NOUN,trim,2
NOUN,mushroom,2
NOUN,catch,2
NOUN,revamp,2
NOUN,user,2
NOUN,woody,2
ADJ,adjacent,2
NOUN,inward,2
NOUN,combo,2
NOUN,koselig,2
VERB,refine,2
VERB,pay,2
VERB,salvage,2
VERB,separate,2
VERB,fix,2
NOUN,overwintering,2
ADJ,lean,2
NOUN,date,2
NOUN,toadstool,2
ADJ,toasty,2
ADJ,continuous,2
NOUN,classic,2
NOUN,stage,2
NOUN,neon,2
NOUN,expression,2
VERB,furnish,2
VERB,twinkle,2
VERB,sparkle,2
VERB,revamp,2
VERB,stripe,2
VERB,wish,2
NOUN,reality,2
ADJ,british,2
ADJ,pergola,2
NOUN,future,2
NOUN,craft,2
ADJ,communal,2
ADJ,fun,2
NOUN,come,2
NOUN,supplier,2
NOUN,dahlia,2
NOUN,drink,2
ADJ,pleasant,2
VERB,detail,2
NOUN,suede,2
NOUN,lookout,2
VERB,den,2
VERB,determine,2
VERB,champion,2
VERB,commit,2
VERB,squeeze,2
ADJ,rectangular,2
ADJ,considerable,2
NOUN,handle,2
NOUN,fuel,2
NOUN,burning,2
VERB,channel,2
VERB,adore,2
VERB,swerve,2
VERB,slot,2
ADJ,positive,2
NOUN,allergy,2
NOUN,forefront,2
NOUN,perfection,2
ADJ,reclaimed,2
ADJ,fronted,2
NOUN,citrus,2
NOUN,ooze,2
NOUN,gardening,2
NOUN,mountain,2
NOUN,sustainability,2
NOUN,modern,2
NOUN,dust,2
NOUN,cuppa,2
NOUN,swing,2
NOUN,secondhand,2
VERB,remove,2
NOUN,release,2
NOUN,celebrity,2
NOUN,goody,2
NOUN,scenario,2
NOUN,pelmet,2
VERB,advise,2
ADJ,diner,2
NOUN,wellness,2
ADJ,lively,2
ADJ,ski,2
ADJ,concrete,2
NOUN,extra,2
NOUN,pepper,2
NOUN,judge,2
VERB,check,2
NOUN,decade,2
VERB,stack,2
NOUN,crumb,2
NOUN,dip,2
NOUN,pro,2
ADJ,careful,2
NOUN,butt,2
NOUN,glove,2
ADJ,alternative,2
NOUN,meaning,2
NOUN,market,2
NOUN,proofing,2
NOUN,ante,2
NOUN,shadow,2
NOUN,brainer,2
NOUN,hunt,2
VERB,upholster,2
VERB,adopt,2
VERB,lift,2
NOUN,candy,2
NOUN,companion,2
NOUN,university,2
NOUN,relief,2
NOUN,appreciation,2
NOUN,project,2
NOUN,ceramic,2
NOUN,pack,2
NOUN,aromatherapy,2
NOUN,cable,2
VERB,approve,2
VERB,rent,2
VERB,coat,2
VERB,redesign,2
VERB,picture,2
NOUN,inspo,2
ADJ,substantial,2
ADJ,dependent,2
ADJ,olive,2
NOUN,limestone,2
ADJ,familiar,2
NOUN,coat,2
ADJ,grounding,2
ADJ,fond,2
ADJ,modular,2
ADJ,tonal,2
NOUN,glimmer,2
NOUN,goal,2
VERB,conceal,2
ADJ,removable,2
ADJ,quirky,2
NOUN,landlord,2
NOUN,lease,2
NOUN,pub,2
NOUN,suite,2
NOUN,stair,2
ADJ,curvy,2
ADJ,ultra,2
ADJ,sensory,2
ADJ,humble,2
NOUN,sound,2
NOUN,fairylight,2
VERB,align,2
VERB,gravitate,2
VERB,evolve,2
VERB,captivate,2
NOUN,creator,2
NOUN,content,2
NOUN,tale,2
NOUN,drench,2
NOUN,footprint,2
NOUN,yard,2
NOUN,reclamation,2
NOUN,test,2
ADJ,potential,2
ADJ,brave,2
ADJ,occasional,2
ADJ,squashy,2
NOUN,restaurant,2
NOUN,washing,2
NOUN,clay,2
NOUN,pigment,2
NOUN,plaster,2
VERB,construct,2
NOUN,woman,2
NOUN,heel,2
VERB,generate,2
VERB,influence,2
ADJ,slubby,2
NOUN,act,2
NOUN,chat,2
NOUN,renovation,2
NOUN,plank,2
NOUN,spade,2
VERB,rustic,2
NOUN,crackling,2
NOUN,chrome,2
NOUN,theatre,2
NOUN,canvas,2
NOUN,cocktail,2
NOUN,answer,2
NOUN,socialising,2
NOUN,shop,2
NOUN,percale,2
NOUN,boy,2
ADJ,cramped,2
NOUN,effortless,2
NOUN,canopy,2
NOUN,weave,2
NOUN,toffee,2
NOUN,matt,2
NOUN,diy,2
VERB,deal,2
VERB,bathe,2
NOUN,sunset,2
NOUN,salt,2
NOUN,tinge,2
NOUN,commitment,2
ADJ,tabletop,2
ADJ,difficult,2
ADJ,odd,2
ADJ,blank,2
ADJ,layout,2
ADJ,giant,2
ADJ,minimalistic,2
NOUN,wildlife,2
VERB,clad,2
VERB,shower,2
VERB,deck,2
VERB,invigorate,2
NOUN,ideal,2
NOUN,overpowering,2
NOUN,damson,2
NOUN,offset,2
ADJ,homely,2
ADJ,shady,2
ADJ,uncomfortable,2
NOUN,console,2
NOUN,working,2
NOUN,twill,2
NOUN,changer,2
NOUN,mixture,2
NOUN,planning,2
ADJ,unused,2
ADJ,gloomy,2
ADJ,nifty,2
VERB,plug,2
VERB,room,2
VERB,eliminate,2
ADJ,bland,2
ADJ,joyous,2
ADJ,fireside,2
ADJ,framed,2
NOUN,steel,2
NOUN,berber,2
NOUN,antidote,2
NOUN,host,2
NOUN,berry,2
NOUN,rank,2
ADJ,pebble,2
VERB,dim,2
NOUN,drawer,2
VERB,group,2
VERB,centre,2
NOUN,coldness,2
NOUN,beach,2
NOUN,cm,2
NOUN,link,2
NOUN,sideboard,2
ADJ,delightful,2
NOUN,contentment,2
NOUN,aubergine,2
VERB,supply,2
VERB,point,2
NOUN,firewood,2
NOUN,metallic,2
NOUN,gallery,2
NOUN,tradition,2
NOUN,cocoa,2
ADJ,brownish,2
ADJ,oppressive,2
ADJ,pinkish,2
ADJ,dynamic,2
NOUN,covering,2
NOUN,workspace,2
NOUN,buzzword,2
ADJ,candlelit,2
ADJ,airy,2
ADJ,maximum,2
NOUN,nap,2
NOUN,mark,2
NOUN,convenience,2
ADJ,walled,2
NOUN,marathon,2
ADJ,burgundy,2
ADJ,upcycled,2
NOUN,angle,2
NOUN,boxset,2
NOUN,aqua,2
NOUN,soulless,2
NOUN,motion,2
NOUN,decorating,2
NOUN,dopamine,2
NOUN,board,2
ADJ,vast,2
ADJ,hectic,2
ADJ,terri,2
NOUN,bargain,2
NOUN,movement,2
NOUN,branch,2
NOUN,chenille,2
NOUN,silhouette,2
NOUN,intensity,2
NOUN,familiarity,2
NOUN,mocha,2
NOUN,consumer,2
NOUN,platform,2
NOUN,spaciousness,2
NOUN,hook,2
ADJ,opposite,2
ADJ,cavernous,2
ADJ,rugged,2
NOUN,openness,2
ADJ,inspiring,2
VERB,shelter,2
NOUN,cobalt,2
NOUN,plush,2
ADJ,decadent,2
ADJ,dingy,2
NOUN,vibrancy,2
NOUN,glam,2
NOUN,component,2
NOUN,priority,2
NOUN,coolness,2
NOUN,hardware,2
ADJ,sculptural,2
NOUN,basin,2
NOUN,aura,2
NOUN,wc,2
NOUN,intimate,2
VERB,customise,2
VERB,gain,2
ADJ,depressing,2
ADJ,immersive,2
ADJ,icy,2
ADJ,inky,2
NOUN,makeup,2
NOUN,sake,2
NOUN,sink,2
ADJ,sandy,2
ADJ,purple,2
ADJ,ochre,2
NOUN,u,2
VERB,scream,2
VERB,engineer,2
NOUN,tongue,2
NOUN,cloakroom,2
NOUN,imperfection,2
NOUN,ice,2
ADJ,mad,2
ADJ,tidy,2
ADJ,structured,2
NOUN,washroom,2
NOUN,bright,2
NOUN,groove,2
NOUN,longue,2
NOUN,bang,2
NOUN,dine,2
VERB,suffer,2
NOUN,colder,2
NOUN,vegetable,2
NOUN,café,2
NOUN,chimney,2
NOUN,flue,2
NOUN,woodburning,2
NOUN,porch,2
NOUN,kerb,2
NOUN,modernity,2
NOUN,bookcase,2
NOUN,profile,2
NOUN,variation,2
ADJ,exclusive,2
ADJ,nubby,2
NOUN,lounger,2
NOUN,protection,2
NOUN,eco,2
VERB,trust,2
VERB,upgrade,2
VERB,deserve,2
NOUN,banquette,2
NOUN,balcony,2
ADJ,wet,2
ADJ,miniature,2
ADJ,artificial,2
ADJ,basic,2
NOUN,roll,2
NOUN,shaker,2
NOUN,review,2
NOUN,knob,2
ADJ,exciting,2
VERB,plush,2
VERB,freeze,2
VERB,predict,2
NOUN,technology,2
NOUN,condensation,2
ADJ,non,2
ADJ,surefire,2
NOUN,decking,2
NOUN,path,2
ADJ,horizontal,2
NOUN,fencing,2
NOUN,neighbour,2
ADJ,pet,2
ADJ,supportive,2
NOUN,floorboard,2
ADJ,reddish,2
ADJ,iconic,2
ADJ,surprised,2
ADJ,intentional,2
NOUN,visitor,2
VERB,step,2
NOUN,guarantee,2
ADJ,inflatable,2
ADJ,remote,2
ADJ,rental,2
ADJ,pretty,2
ADJ,coveted,2
NOUN,eave,2
NOUN,toy,2
ADJ,conducive,2
ADJ,smoky,2
ADJ,refresh,2
ADJ,adorable,2
ADJ,dual,2
ADJ,accessible,2
NOUN,kg,2
ADJ,renowned,2
NOUN,dive,2
NOUN,trap,2
ADJ,local,2
ADJ,confident,2
ADJ,warmer,2
ADJ,imaginative,2
ADJ,pure,2
ADJ,amazing,2
ADJ,teal,2
NOUN,waste,2
ADJ,lit,2
ADJ,dead,2
ADJ,sparse,2
ADJ,keen,2
NOUN,laminate,2
VERB,recycle,2
ADJ,exterior,2
ADJ,blind,2
ADJ,cheap,2
NOUN,background,2
NOUN,weight,2
NOUN,tow,2
NOUN,testing,2
NOUN,radar,2
NOUN,windowsill,2
ADJ,tight,2
NOUN,pleat,2
VERB,push,2
ADJ,springy,2
ADJ,sickly,2
ADJ,fitting,2
ADJ,english,2
NOUN,customer,2
NOUN,lean,2
ADJ,fancy,2
NOUN,corridor,2
ADJ,cut,2
ADJ,slight,2
ADJ,uplifting,2
ADJ,reversible,2
VERB,enliven,2
VERB,stream,2
VERB,rack,2
VERB,gift,2
VERB,stock,2
VERB,print,2
VERB,mimic,2
VERB,curve,2
VERB,arrive,2
VERB,accompany,2
VERB,frazzle,2
VERB,heighten,2
NOUN,placemat,2
NOUN,phone,2
NOUN,bid,2
ADJ,funky,2
ADJ,alfresco,1
ADJ,needless,1
ADJ,nearby,1
ADJ,genuine,1
ADJ,thoughtful,1
ADJ,slim,1
ADJ,shut,1
ADJ,odourless,1
ADJ,loft,1
NOUN,positive,1
NOUN,founder,1
ADJ,maximalist,1
ADJ,worthy,1
ADJ,frazzled,1
ADJ,imperfect,1
ADJ,undone,1
ADJ,neat,1
ADJ,added,1
ADJ,viral,1
ADJ,classical,1
ADJ,fingerless,1
ADJ,unheated,1
ADJ,sheltered,1
NOUN,requirement,1
NOUN,hassle,1
VERB,underutilise,1
VERB,allocate,1
VERB,curb,1
VERB,withstand,1
VERB,low,1
VERB,scrunch,1
VERB,dog,1
VERB,lock,1
VERB,weight,1
VERB,wicke,1
VERB,sophisticate,1
VERB,study,1
VERB,relegate,1
VERB,sort,1
VERB,address,1
VERB,stave,1
VERB,renovate,1
VERB,downsize,1
VERB,flesh,1
VERB,dapple,1
VERB,daunt,1
VERB,handle,1
VERB,force,1
NOUN,spending,1
NOUN,equivalent,1
NOUN,sitooterie,1
VERB,overstimulate,1
NOUN,sole,1
VERB,establish,1
NOUN,flood,1
VERB,rewire,1
VERB,banish,1
NOUN,direction,1
NOUN,minimum,1
NOUN,cavity,1
NOUN,separation,1
NOUN,chest,1
NOUN,stain,1
NOUN,brew,1
NOUN,creeper,1
NOUN,splashback,1
NOUN,pillowcase,1
NOUN,news,1
NOUN,position,1
NOUN,deck,1
NOUN,author,1
VERB,farmhouse,1
VERB,post,1
NOUN,marvel,1
NOUN,crystal,1
NOUN,surefire,1
NOUN,trunk,1
NOUN,cluttercore,1
NOUN,upgrade,1
NOUN,snowflake,1
NOUN,tick,1
NOUN,furn,1
NOUN,suction,1
NOUN,swag,1
NOUN,grotto,1
NOUN,capital,1
VERB,interpret,1
VERB,treasure,1
NOUN,proximity,1
NOUN,daybed,1
NOUN,folklore,1
NOUN,thumb,1
NOUN,pollinator,1
NOUN,site,1
NOUN,bloom,1
NOUN,fruit,1
NOUN,plump,1
NOUN,bathtub,1
NOUN,stack,1
NOUN,cook,1
VERB,pitch,1
VERB,compensate,1
NOUN,pantone,1
NOUN,shrub,1
NOUN,proceeding,1
NOUN,lilac,1
NOUN,obsession,1
NOUN,cloth,1
NOUN,boxing,1
NOUN,finger,1
NOUN,advice,1
NOUN,latte,1
NOUN,twinkle,1
NOUN,brushing,1
NOUN,damask,1
VERB,slap,1
VERB,stem,1
VERB,reject,1
NOUN,s,1
NOUN,bedsheet,1
NOUN,joiner,1
NOUN,countdown,1
NOUN,evolution,1
NOUN,problem,1
NOUN,sunrise,1
NOUN,laptop,1
NOUN,computer,1
NOUN,chic,1
VERB,uninvite,1
VERB,flank,1
VERB,hunt,1
NOUN,baby,1
NOUN,imprint,1
NOUN,bunting,1
NOUN,track,1
NOUN,summertime,1
NOUN,trolley,1
NOUN,mono,1
NOUN,ember,1
NOUN,wick,1
NOUN,tulip,1
NOUN,incense,1
NOUN,powdery,1
NOUN,springtime,1
VERB,wire,1
VERB,tray,1
NOUN,zoning,1
NOUN,journey,1
NOUN,battery,1
NOUN,wire,1
NOUN,visibility,1
NOUN,knife,1
NOUN,lightbulb,1
NOUN,affinity,1
NOUN,vogue,1
NOUN,satin,1
VERB,demand,1
VERB,bolder,1
VERB,command,1
VERB,dismiss,1
VERB,strive,1
VERB,soundproof,1
NOUN,',1
NOUN,trinket,1
NOUN,nutmeg,1
NOUN,fruity,1
NOUN,clementine,1
NOUN,pomegranate,1
NOUN,chestnut,1
NOUN,climate,1
VERB,launder,1
VERB,overarch,1
VERB,hearte,1
VERB,spark,1
VERB,secure,1
NOUN,imagery,1
NOUN,pandemic,1
NOUN,ritual,1
NOUN,excluder,1
NOUN,lemon,1
NOUN,vetiver,1
NOUN,touchpoint,1
NOUN,cone,1
NOUN,station,1
NOUN,elixir,1
VERB,lure,1
VERB,sculpt,1
NOUN,app,1
NOUN,voice,1
NOUN,slat,1
NOUN,prospect,1
NOUN,leaf,1
NOUN,fig,1
NOUN,kentia,1
NOUN,palm,1
NOUN,mantlepiece,1
NOUN,mauve,1
NOUN,cornflower,1
NOUN,romance,1
NOUN,snow,1
NOUN,mission,1
NOUN,revel,1
NOUN,5l,1
NOUN,starter,1
NOUN,main,1
NOUN,dessert,1
NOUN,slogan,1
NOUN,dupe,1
NOUN,vbd,1
NOUN,snuggling,1
NOUN,comfiest,1
NOUN,offer,1
NOUN,land,1
NOUN,lagom,1
NOUN,eccentricity,1
VERB,nestle,1
VERB,choice,1
NOUN,cosying,1
NOUN,chevron,1
NOUN,optimism,1
NOUN,format,1
NOUN,horizon,1
NOUN,plug,1
NOUN,personalisation,1
NOUN,fume,1
NOUN,soot,1
NOUN,treescape,1
NOUN,fabrication,1
NOUN,omg,1
VERB,stain,1
VERB,compile,1
VERB,employ,1
NOUN,website,1
NOUN,marriage,1
NOUN,significance,1
NOUN,industry,1
NOUN,instinct,1
NOUN,reel,1
NOUN,reaction,1
NOUN,fellow,1
NOUN,recreation,1
NOUN,dynamic,1
VERB,brood,1
VERB,overhaul,1
VERB,cheap,1
VERB,sharpen,1
VERB,artwork,1
VERB,cosier,1
NOUN,remainder,1
NOUN,teddy,1
NOUN,roast,1
NOUN,cry,1
NOUN,tortoiseshell,1
NOUN,reference,1
VERB,enrich,1
VERB,crack,1
VERB,bind,1
VERB,center,1
VERB,scentscape,1
VERB,textile,1
VERB,mind,1
VERB,marry,1
NOUN,shopping,1
NOUN,presenter,1
NOUN,competition,1
NOUN,occupant,1
VERB,overcrowd,1
VERB,widen,1
VERB,capitalise,1
VERB,orchestrate,1
VERB,glimpse,1
VERB,alcove,1
NOUN,cane,1
NOUN,block,1
NOUN,2000,1
NOUN,ottoman,1
NOUN,overflowing,1
NOUN,editor,1
NOUN,word,1
NOUN,caution,1
NOUN,bandwagon,1
VERB,preppe,1
VERB,question,1
VERB,flick,1
VERB,counteract,1
VERB,tackle,1
VERB,seal,1
VERB,detract,1
NOUN,second,1
NOUN,sing,1
NOUN,boo,1
NOUN,pjs,1
NOUN,care,1
NOUN,acoustic,1
NOUN,expense,1
NOUN,pampa,1
NOUN,jam,1
NOUN,hideout,1
NOUN,straw,1
NOUN,hay,1
NOUN,entail,1
NOUN,splash,1
NOUN,peek,1
NOUN,cadet,1
NOUN,brit,1
NOUN,strike,1
NOUN,wheat,1
NOUN,lavender,1
NOUN,hobby,1
NOUN,magazine,1
VERB,mismatch,1
VERB,inform,1
VERB,hinder,1
VERB,jazz,1
VERB,clash,1
VERB,encroach,1
VERB,relate,1
VERB,free,1
VERB,tint,1
VERB,tear,1
VERB,eye,1
VERB,implement,1
VERB,debut,1
VERB,kickstart,1
VERB,bother,1
VERB,suffice,1
VERB,cardamom,1
VERB,collapse,1
NOUN,stamp,1
NOUN,renovator,1
NOUN,hill,1
NOUN,field,1
NOUN,welcoming,1
NOUN,dorm,1
NOUN,lightweight,1
NOUN,acrylic,1
NOUN,teacup,1
NOUN,productivity,1
NOUN,colleague,1
NOUN,consolation,1
NOUN,age,1
NOUN,teenager,1
NOUN,seclusion,1
VERB,unite,1
VERB,obstruct,1
NOUN,good,1
NOUN,crackle,1
NOUN,combustion,1
NOUN,pollution,1
NOUN,plywood,1
NOUN,tight,1
NOUN,hurrah,1
NOUN,crumpet,1
NOUN,architrave,1
NOUN,internet,1
NOUN,diamond,1
VERB,lamp,1
VERB,label,1
VERB,interline,1
VERB,inherit,1
VERB,subdue,1
NOUN,jazz,1
NOUN,happiness,1
NOUN,gingham,1
NOUN,cabincluclu,1
NOUN,stony,1
NOUN,bedstead,1
NOUN,usage,1
NOUN,bakery,1
NOUN,so-90s,1
NOUN,brasserie,1
VERB,disuse,1
VERB,clothe,1
VERB,steal,1
VERB,knock,1
VERB,rework,1
VERB,wallpaper,1
VERB,bark,1
VERB,venture,1
VERB,star,1
VERB,solidify,1
VERB,bespoke,1
VERB,deter,1
VERB,reframe,1
VERB,plump,1
VERB,undertone,1
VERB,tailor,1
VERB,aid,1
VERB,hand,1
NOUN,shouty,1
NOUN,gadget,1
NOUN,evoke,1
NOUN,organising,1
NOUN,campfire,1
NOUN,backyard,1
NOUN,hangout,1
NOUN,circle,1
NOUN,rainiest,1
NOUN,tin,1
NOUN,exude,1
NOUN,soothingness,1
NOUN,slumber,1
NOUN,paintbrush,1
NOUN,goodbye,1
NOUN,conversion,1
VERB,herald,1
VERB,renew,1
VERB,convey,1
VERB,charge,1
VERB,shun,1
VERB,emerge,1
VERB,constrain,1
VERB,drink,1
VERB,sow,1
VERB,daybe,1
VERB,tempt,1
VERB,envisage,1
VERB,cream,1
VERB,dull,1
VERB,compliment,1
VERB,stir,1
NOUN,signpost,1
NOUN,watering,1
NOUN,hole,1
NOUN,resort,1
NOUN,harm,1
NOUN,fault,1
NOUN,embodiment,1
NOUN,punch,1
NOUN,outlet,1
NOUN,laidback,1
NOUN,shoulder,1
NOUN,mainstream,1
NOUN,craving,1
NOUN,natural,1
VERB,underlie,1
VERB,organise,1
VERB,reference,1
VERB,join,1
VERB,motive,1
VERB,forecast,1
VERB,instil,1
VERB,taper,1
VERB,unleash,1
VERB,distract,1
VERB,linger,1
VERB,uninspire,1
VERB,publish,1
VERB,nook,1
VERB,brew,1
VERB,grab,1
VERB,risk,1
VERB,clear,1
VERB,seep,1
NOUN,icon,1
NOUN,cell,1
NOUN,sombre,1
NOUN,counterbalance,1
NOUN,takeaway,1
NOUN,getaway,1
NOUN,inside,1
NOUN,loftier,1
NOUN,powder,1
NOUN,err,1
NOUN,sleeker,1
NOUN,pup,1
NOUN,awash,1
NOUN,coop,1
NOUN,downside,1
VERB,dub,1
VERB,congregate,1
VERB,intend,1
VERB,boucle,1
VERB,crochet,1
VERB,handpicke,1
VERB,execute,1
VERB,converse,1
VERB,relish,1
VERB,savour,1
VERB,inward,1
VERB,symbolise,1
VERB,stimulate,1
VERB,snooze,1
VERB,spot,1
VERB,tiptoe,1
VERB,swear,1
VERB,pipe,1
NOUN,41p,1
NOUN,development,1
NOUN,debris,1
NOUN,‘thi,1
NOUN,shading,1
NOUN,century,1
NOUN,façade,1
NOUN,picnicware,1
NOUN,gah,1
NOUN,tranquil,1
NOUN,cowgirl,1
NOUN,moon,1
NOUN,vibrant,1
NOUN,high,1
NOUN,slowliving,1
VERB,spread,1
VERB,matter,1
VERB,surprise,1
VERB,cradle,1
VERB,makeover,1
VERB,characterise,1
VERB,power,1
VERB,manipulate,1
VERB,suppose,1
VERB,bundle,1
VERB,interlock,1
VERB,bask,1
VERB,ampe,1
VERB,hover,1
VERB,adorn,1
VERB,concur,1
VERB,affirm,1
VERB,hear,1
NOUN,hair,1
NOUN,director,1
NOUN,characterless,1
NOUN,outdoor,1
NOUN,nod,1
NOUN,picnic,1
NOUN,economy,1
NOUN,significanty,1
NOUN,lumbar,1
NOUN,napping,1
NOUN,amphibian,1
VERB,ignore,1
VERB,pose,1
VERB,restrict,1
VERB,shelve,1
VERB,attract,1
VERB,pour,1
VERB,discuss,1
VERB,shadow,1
VERB,smash,1
VERB,designate,1
VERB,sundrenche,1
VERB,pot,1
VERB,sundown,1
VERB,braid,1
VERB,harmonise,1
VERB,blur,1
VERB,connote,1
VERB,impress,1
NOUN,caramel,1
NOUN,mum,1
NOUN,conjure,1
NOUN,attribute,1
NOUN,panda,1
NOUN,vegan,1
NOUN,downward,1
NOUN,falmouth,1
NOUN,bijou,1
NOUN,similarity,1
NOUN,dweller,1
NOUN,watertight,1
NOUN,hashtag,1
VERB,dissipate,1
VERB,baffle,1
VERB,tassle,1
VERB,approach,1
VERB,romanticise,1
VERB,initiate,1
VERB,piece,1
VERB,prep,1
VERB,swoon,1
VERB,dazzle,1
VERB,reset,1
VERB,develop,1
VERB,slash,1
VERB,relaunche,1
VERB,mistake,1
VERB,paper,1
VERB,tick,1
VERB,homeware,1
VERB,sleepover,1
VERB,mull,1
VERB,overlap,1
VERB,perk,1
NOUN,entertainment,1
NOUN,tune,1
NOUN,tear,1
NOUN,tension,1
NOUN,batch,1
NOUN,contestant,1
NOUN,griege,1
NOUN,mile,1
NOUN,coast,1
NOUN,framework,1
NOUN,teal,1
NOUN,windowless,1
NOUN,mammal,1
NOUN,ventilation,1
VERB,charm,1
VERB,blanket,1
VERB,rear,1
VERB,flute,1
VERB,bore,1
VERB,darken,1
VERB,allergen,1
VERB,hibernate,1
VERB,scroll,1
VERB,prop,1
VERB,handpainte,1
VERB,childlike,1
VERB,fare,1
VERB,caterpillar,1
VERB,bond,1
VERB,wad,1
VERB,understate,1
VERB,restyle,1
VERB,stitch,1
NOUN,rating,1
NOUN,invoke,1
NOUN,brightening,1
NOUN,entryway,1
NOUN,arty,1
NOUN,dusk,1
NOUN,toast,1
NOUN,output,1
NOUN,triumph,1
NOUN,champagne,1
NOUN,guitar,1
VERB,rip,1
VERB,weather,1
VERB,pass,1
VERB,rethink,1
VERB,rush,1
VERB,space,1
VERB,borrow,1
VERB,backlit,1
VERB,rank,1
VERB,unsurprise,1
VERB,merge,1
VERB,slat,1
VERB,modernise,1
VERB,crawl,1
VERB,prime,1
VERB,claim,1
VERB,rave,1
VERB,combat,1
VERB,uphold,1
VERB,guide,1
NOUN,damage,1
VERB,concentrate,1
VERB,pronounce,1
VERB,beautify,1
VERB,laidback,1
VERB,yin,1
VERB,flood,1
VERB,demonstrerate,1
VERB,respond,1
VERB,pave,1
VERB,trap,1
VERB,hue,1
VERB,panel,1
VERB,huddle,1
VERB,collate,1
VERB,twist,1
VERB,locate,1
NOUN,uber,1
NOUN,superstition,1
NOUN,bleakness,1
NOUN,partnership,1
NOUN,initiative,1
NOUN,issue,1
NOUN,chilliest,1
NOUN,building,1
NOUN,fund,1
NOUN,pod,1
NOUN,slab,1
VERB,crowd,1
VERB,envelope,1
VERB,experiment,1
VERB,bounce,1
VERB,stud,1
VERB,revolve,1
VERB,bunker,1
VERB,snap,1
VERB,discount,1
VERB,confess,1
VERB,bury,1
VERB,strip,1
VERB,stress,1
VERB,immerse,1
VERB,straighten,1
VERB,falter,1
VERB,manage,1
VERB,manifest,1
VERB,track,1
VERB,dig,1
VERB,scour,1
VERB,got,1
VERB,imbue,1
VERB,fringe,1
VERB,hedgehog,1
VERB,pin,1
VERB,peg,1
VERB,upcycle,1
VERB,hail,1
VERB,equal,1
VERB,skip,1
VERB,garden,1
VERB,fork,1
VERB,document,1
VERB,pad,1
VERB,sling,1
VERB,time,1
VERB,personalise,1
VERB,effortless,1
VERB,abate,1
VERB,oven,1
VERB,assert,1
VERB,wave,1
VERB,hook,1
VERB,advocate,1
VERB,cork,1
VERB,spooky,1
VERB,door,1
VERB,section,1
VERB,reinstate,1
VERB,reconnect,1
VERB,bless,1
VERB,order,1
VERB,sell,1
VERB,accept,1
VERB,count,1
VERB,explain,1
VERB,pillow,1
VERB,max,1
VERB,xhoose,1
VERB,slip,1
VERB,replicate,1
VERB,stre,1
VERB,vault,1
VERB,ease,1
VERB,grey,1
VERB,disrupt,1
VERB,dive,1
VERB,theme,1
NOUN,record,1
NOUN,lightness,1
NOUN,explore,1
NOUN,uplift,1
NOUN,traditionalist,1
NOUN,survey,1
NOUN,thousand,1
NOUN,beading,1
NOUN,principle,1
NOUN,seersucker,1
NOUN,edition,1
NOUN,smartphone,1
NOUN,stash,1
NOUN,electricity,1
NOUN,culture,1
VERB,anticipate,1
VERB,cross,1
VERB,creamy,1
VERB,explode,1
VERB,blush,1
VERB,scent,1
VERB,unveil,1
VERB,participate,1
VERB,soar,1
VERB,staple,1
VERB,nod,1
VERB,log,1
VERB,sign,1
VERB,thermoregulate,1
VERB,react,1
VERB,scape,1
VERB,judge,1
VERB,plant,1
VERB,refurbish,1
VERB,reap,1
VERB,solve,1
VERB,rate,1
VERB,concern,1
VERB,toss,1
VERB,resemble,1
VERB,type,1
VERB,neglect,1
VERB,sock,1
VERB,forge,1
VERB,curtain,1
VERB,thank,1
VERB,sew,1
VERB,discover,1
NOUN,crawlie,1
NOUN,chick,1
NOUN,realxing,1
NOUN,candlestick,1
VERB,harvest,1
VERB,praise,1
VERB,echo,1
VERB,breathe,1
VERB,twirl,1
VERB,downplay,1
VERB,suspend,1
VERB,sing,1
VERB,medium,1
VERB,trim,1
VERB,nip,1
VERB,lower,1
NOUN,produce,1
NOUN,shirt,1
NOUN,storm,1
NOUN,lookalike,1
VERB,modify,1
VERB,patio,1
ADJ,layering,1
VERB,coexist,1
NOUN,nestle,1
NOUN,galore,1
NOUN,knitting,1
NOUN,tranquillity,1
NOUN,silverfish,1
NOUN,pest,1
NOUN,skirt,1
NOUN,parasite,1
NOUN,moodiness,1
NOUN,tablecloth,1
NOUN,snowman,1
ADJ,plugin,1
VERB,ruffle,1
NOUN,napkin,1
NOUN,teeny,1
NOUN,rodent,1
NOUN,insect,1
NOUN,patina,1
NOUN,twig,1
NOUN,needle,1
NOUN,drawing,1
NOUN,damper,1
NOUN,dome,1
NOUN,embrace,1
NOUN,gnome,1
NOUN,hat,1
NOUN,eptiome,1
NOUN,dampness,1
NOUN,walnut,1
ADJ,diffused,1
ADJ,optimal,1
ADJ,stuck,1
ADJ,bijou,1
NOUN,figurine,1
NOUN,creature,1
NOUN,spider,1
NOUN,yuletide,1
NOUN,spiciness,1
NOUN,cart,1
NOUN,piglet,1
NOUN,cheer,1
NOUN,airer,1
NOUN,exception,1
NOUN,plaid,1
NOUN,staircase,1
NOUN,filler,1
NOUN,modification,1
NOUN,sprinkle,1
NOUN,blast,1
ADJ,resilient,1
ADJ,conservatory,1
ADJ,glassed,1
NOUN,nut,1
NOUN,sweet,1
NOUN,dirt,1
NOUN,pollen,1
NOUN,rejection,1
NOUN,greige,1
NOUN,duality,1
NOUN,metre,1
ADJ,ordinary,1
NOUN,try,1
NOUN,tipple,1
NOUN,carrot,1
NOUN,post,1
NOUN,peasy,1
NOUN,juice,1
NOUN,oval,1
NOUN,mini,1
NOUN,car,1
NOUN,ruby,1
NOUN,efficiency,1
NOUN,simmer,1
NOUN,saucepan,1
NOUN,peel,1
NOUN,vlog,1
ADJ,wow,1
ADJ,superb,1
NOUN,rage,1
NOUN,purchase,1
NOUN,pitfall,1
NOUN,sweater,1
NOUN,arch,1
NOUN,patch,1
NOUN,wreath,1
NOUN,minimaluxe,1
NOUN,treasure,1
NOUN,festive,1
NOUN,report,1
NOUN,sunroom,1
NOUN,explosion,1
NOUN,influencer,1
NOUN,grandma,1
NOUN,overwhelm,1
NOUN,manager,1
NOUN,error,1
NOUN,device,1
NOUN,transition,1
NOUN,generation,1
NOUN,saturation,1
NOUN,ready,1
NOUN,decorator,1
NOUN,nastie,1
NOUN,burn,1
NOUN,drape,1
NOUN,flourish,1
NOUN,moody,1
NOUN,flash,1
NOUN,update,1
NOUN,therapist,1
ADJ,middle,1
ADJ,professional,1
ADJ,overnight,1
ADJ,stiff,1
NOUN,ladder,1
NOUN,departure,1
NOUN,en,1
NOUN,homey,1
NOUN,brickwork,1
NOUN,volume,1
NOUN,sunshine,1
NOUN,grade,1
NOUN,knot,1
NOUN,animal,1
NOUN,kelvin,1
NOUN,artisan,1
NOUN,street,1
NOUN,bbq,1
NOUN,swatch,1
ADJ,fuzzy,1
ADJ,concerned,1
NOUN,handmade,1
NOUN,homeliness,1
NOUN,importance,1
NOUN,daffodil,1
NOUN,clump,1
NOUN,shot,1
NOUN,longing,1
NOUN,bolster,1
NOUN,hourglass,1
NOUN,performance,1
ADJ,grateful,1
NOUN,neroli,1
NOUN,hustle,1
NOUN,tent,1
NOUN,cave,1
NOUN,fireside,1
NOUN,disposition,1
NOUN,laundry,1
NOUN,feast,1
NOUN,reader,1
NOUN,banana,1
NOUN,resting,1
NOUN,pleasant,1
NOUN,sister,1
NOUN,plunge,1
NOUN,retardant,1
NOUN,vanity,1
ADJ,spa-,1
ADJ,blackout,1
ADJ,integral,1
ADJ,messy,1
NOUN,object,1
NOUN,predator,1
NOUN,rainproof,1
NOUN,triangle,1
NOUN,mural,1
NOUN,bin,1
NOUN,mesh,1
NOUN,sunnier,1
NOUN,fluorescent,1
NOUN,bunch,1
ADJ,posh,1
NOUN,gap,1
NOUN,cold,1
NOUN,gust,1
NOUN,wind,1
NOUN,chimenea,1
NOUN,heather,1
NOUN,rod,1
NOUN,mess,1
NOUN,brunch,1
NOUN,replica,1
NOUN,handful,1
NOUN,rust,1
NOUN,castor,1
NOUN,midnight,1
NOUN,division,1
NOUN,transformation,1
NOUN,caption,1
NOUN,configuration,1
NOUN,repellent,1
ADJ,fave,1
ADJ,optimum,1
ADJ,secret,1
ADJ,healthy,1
ADJ,contrary,1
NOUN,nose,1
NOUN,expertise,1
NOUN,run,1
NOUN,downtime,1
NOUN,rental,1
NOUN,minefield,1
NOUN,charge,1
NOUN,expanse,1
NOUN,characteristic,1
NOUN,force,1
NOUN,counter,1
NOUN,tummy,1
NOUN,fridge,1
NOUN,pond,1
ADJ,mocha,1
ADJ,disguise,1
ADJ,sweeping,1
NOUN,steam,1
NOUN,border,1
NOUN,snap,1
NOUN,sensor,1
ADJ,massive,1
ADJ,lush,1
ADJ,cortyard,1
ADJ,unpredictable,1
NOUN,enthusiasm,1
NOUN,gaming,1
NOUN,sand,1
NOUN,doorway,1
NOUN,consideration,1
NOUN,tobacco,1
NOUN,oud,1
NOUN,sheen,1
NOUN,accident,1
NOUN,boudoir,1
NOUN,sill,1
NOUN,mud,1
NOUN,extraction,1
NOUN,uplight,1
NOUN,meadow,1
NOUN,jungle,1
NOUN,waffle,1
NOUN,solace,1
NOUN,plastic,1
NOUN,kindness,1
NOUN,compassion,1
NOUN,insider,1
NOUN,revival,1
NOUN,city,1
NOUN,hopping,1
NOUN,injury,1
NOUN,spray,1
ADJ,chaotic,1
ADJ,domestic,1
ADJ,socialise,1
NOUN,introduction,1
NOUN,knitwear,1
NOUN,offcut,1
NOUN,soup,1
NOUN,definition,1
NOUN,m,1
NOUN,inclusion,1
NOUN,government,1
NOUN,grant,1
NOUN,redo,1
NOUN,model,1
NOUN,heighten,1
NOUN,opulence,1
NOUN,mention,1
NOUN,nation,1
NOUN,wiring,1
ADJ,negative,1
ADJ,determined,1
ADJ,fourth,1
ADJ,counterintuitive,1
ADJ,wraparound,1
NOUN,divider,1
NOUN,channel,1
NOUN,cut,1
NOUN,grass,1
NOUN,stuff,1
NOUN,childhood,1
NOUN,sweetspot,1
NOUN,mite,1
NOUN,cause,1
NOUN,tech,1
NOUN,cloche,1
NOUN,beetroot,1
NOUN,seedling,1
NOUN,bead,1
ADJ,proper,1
ADJ,bifold,1
ADJ,pistachio,1
NOUN,duo,1
NOUN,silk,1
NOUN,tendency,1
NOUN,overload,1
NOUN,pairing,1
NOUN,boutique,1
NOUN,pane,1
NOUN,grown,1
NOUN,coving,1
NOUN,distance,1
NOUN,sociability,1
ADJ,gross,1
ADJ,mouldy,1
ADJ,arresting,1
ADJ,detailed,1
NOUN,buttery,1
NOUN,frill,1
NOUN,ladybird,1
NOUN,kitsch,1
NOUN,stud,1
NOUN,tweak,1
NOUN,snuffer,1
NOUN,effectiveness,1
NOUN,vacuum,1
NOUN,cleaner,1
NOUN,radio,1
NOUN,furry,1
NOUN,frend,1
ADJ,dreary,1
ADJ,ahh,1
ADJ,pull,1
ADJ,conventional,1
ADJ,glossy,1
NOUN,comforting,1
NOUN,spill,1
NOUN,cherry,1
NOUN,tomato,1
NOUN,droplet,1
NOUN,cladding,1
NOUN,grandparent,1
NOUN,handleless,1
NOUN,cellar,1
ADJ,leaden,1
ADJ,drafty,1
NOUN,aluminium,1
NOUN,stick,1
NOUN,seventy,1
NOUN,fashionista,1
NOUN,rejuvenation,1
NOUN,slice,1
NOUN,blending,1
NOUN,forward,1
NOUN,pouffe,1
NOUN,durability,1
NOUN,trip,1
NOUN,ranch,1
NOUN,bungalow,1
NOUN,cornice,1
NOUN,gloss,1
NOUN,graft,1
NOUN,wardrobe,1
NOUN,cast,1
NOUN,iron,1
NOUN,farm,1
NOUN,cork,1
ADJ,ergonomic,1
ADJ,primary,1
ADJ,sized,1
NOUN,peer,1
NOUN,downlight,1
NOUN,apair,1
ADJ,noticeable,1
ADJ,diverse,1
ADJ,geometric,1
ADJ,personable,1
ADJ,unlit,1
NOUN,hall,1
NOUN,summerhouse,1
NOUN,concentration,1
NOUN,fitter,1
NOUN,black,1
NOUN,grouping,1
NOUN,stairwell,1
NOUN,music,1
NOUN,cowboy,1
NOUN,road,1
NOUN,clock,1
NOUN,larder,1
NOUN,eueraka,1
NOUN,bland,1
ADJ,jumbo,1
ADJ,favourable,1
ADJ,dominating,1
ADJ,definite,1
NOUN,woodburner,1
NOUN,80,1
NOUN,wraparound,1
NOUN,partition,1
NOUN,reception,1
NOUN,orphan,1
NOUN,lamb,1
NOUN,skylight,1
NOUN,circus,1
NOUN,bone,1
NOUN,thatch,1
NOUN,success,1
NOUN,upstairs,1
NOUN,flat,1
NOUN,ticket,1
NOUN,town,1
ADJ,personalised,1
ADJ,sorry,1
ADJ,slatwall,1
ADJ,cutesy,1
NOUN,accompaniment,1
NOUN,interruption,1
NOUN,loft,1
NOUN,research,1
NOUN,firmness,1
NOUN,bounce,1
ADJ,serenely,1
ADJ,lived,1
ADJ,plump,1
ADJ,significant,1
ADJ,convivial,1
ADJ,carpeted,1
ADJ,immediate,1
ADJ,matt,1
NOUN,mantel,1
NOUN,fortune,1
NOUN,hob,1
NOUN,school,1
NOUN,gym,1
NOUN,image,1
NOUN,maintenance,1
NOUN,ironing,1
NOUN,tumble,1
NOUN,dry,1
NOUN,leakage,1
ADJ,unpainted,1
ADJ,legged,1
ADJ,captivating,1
ADJ,provoking,1
ADJ,impersonal,1
ADJ,mere,1
NOUN,fairytale,1
NOUN,owl,1
NOUN,cube,1
NOUN,backlight,1
NOUN,pantry,1
NOUN,navys,1
ADJ,regal,1
ADJ,assorted,1
ADJ,unutilised,1
ADJ,lengthy,1
NOUN,ginger,1
NOUN,blackberry,1
NOUN,multitude,1
NOUN,violet,1
NOUN,tint,1
NOUN,adaption,1
NOUN,renter,1
NOUN,fuss,1
NOUN,biscuity,1
NOUN,substitute,1
NOUN,coincide,1
NOUN,aspiration,1
NOUN,capitalise,1
NOUN,flicker,1
NOUN,gather,1
NOUN,fit,1
NOUN,fear,1
ADJ,fellow,1
ADJ,umpteenth,1
ADJ,scarlet,1
ADJ,literal,1
NOUN,sell,1
NOUN,stock,1
NOUN,doorscaping,1
NOUN,spokeswoman,1
NOUN,snuggle,1
NOUN,craftsmanship,1
NOUN,media,1
NOUN,identity,1
NOUN,neutrality,1
ADJ,flexible,1
ADJ,shiny,1
ADJ,brighter,1
ADJ,upholstery,1
ADJ,desperate,1
NOUN,agenda,1
NOUN,adjustment,1
NOUN,peach,1
NOUN,bite,1
NOUN,cheese,1
NOUN,coal,1
NOUN,scuttle,1
NOUN,exchange,1
NOUN,invention,1
NOUN,darkness,1
NOUN,button,1
ADJ,south,1
ADJ,patterned,1
ADJ,raw,1
ADJ,fiery,1
ADJ,bobbled,1
ADJ,woven,1
ADJ,glowing,1
NOUN,pillar,1
NOUN,actress,1
NOUN,setter,1
NOUN,ski,1
NOUN,lodge,1
NOUN,break,1
NOUN,indulgence,1
NOUN,teak,1
NOUN,freshen,1
NOUN,mulberry,1
NOUN,crimson,1
NOUN,wingback,1
ADJ,outward,1
ADJ,pleated,1
ADJ,immense,1
ADJ,leisurely,1
ADJ,bistro,1
ADJ,meaningful,1
ADJ,impressed,1
ADJ,unmatched,1
NOUN,whilst,1
NOUN,mindset,1
NOUN,destination,1
NOUN,oomph,1
ADJ,twinkly,1
ADJ,singular,1
ADJ,bulk,1
ADJ,zesty,1
ADJ,functioning,1
ADJ,undisputed,1
ADJ,medium,1
ADJ,thatched,1
ADJ,chaise,1
ADJ,inlay,1
NOUN,opposite,1
NOUN,plain,1
NOUN,supply,1
NOUN,dreary,1
NOUN,womb,1
NOUN,resurgence,1
ADJ,booth,1
ADJ,darker,1
ADJ,minimum,1
ADJ,obsidian,1
ADJ,dinnertime,1
ADJ,swedish,1
ADJ,straightforward,1
ADJ,rear,1
NOUN,shiplap,1
NOUN,blocking,1
NOUN,sapphire,1
NOUN,composition,1
NOUN,stylish,1
NOUN,bug,1
NOUN,command,1
ADJ,second,1
ADJ,tired,1
ADJ,impressive,1
ADJ,whitewashed,1
ADJ,bi,1
ADJ,fold,1
ADJ,polished,1
ADJ,touchable,1
ADJ,georgian,1
ADJ,victorian,1
ADJ,bungalow,1
NOUN,bark,1
NOUN,translate,1
NOUN,ivory,1
NOUN,camel,1
NOUN,washstand,1
ADJ,precious,1
ADJ,grainy,1
ADJ,entertaining,1
ADJ,dated,1
ADJ,forgiving,1
ADJ,exposed,1
ADJ,disorganised,1
ADJ,dilapidated,1
NOUN,interlining,1
NOUN,curvy,1
NOUN,circuit,1
NOUN,maximalism,1
NOUN,stark,1
NOUN,piping,1
NOUN,gromore,1
NOUN,fundamental,1
NOUN,hygiene,1
NOUN,scratch,1
ADJ,uncertain,1
ADJ,flex,1
ADJ,voile,1
ADJ,refreshing,1
ADJ,consistent,1
ADJ,appreciated,1
ADJ,artsy,1
ADJ,extended,1
NOUN,escapism,1
NOUN,rack,1
NOUN,skincare,1
NOUN,loveseat,1
NOUN,vision,1
NOUN,scone,1
NOUN,chalet,1
NOUN,clip,1
ADJ,clove,1
ADJ,squashed,1
ADJ,triple,1
ADJ,loungeable,1
ADJ,infrared,1
ADJ,semi,1
ADJ,translucent,1
ADJ,austere,1
ADJ,prep,1
ADJ,fluted,1
NOUN,peg,1
NOUN,robe,1
NOUN,caddy,1
NOUN,clothe,1
NOUN,refuge,1
ADJ,steely,1
ADJ,nuanced,1
ADJ,modernist,1
ADJ,average,1
ADJ,manageable,1
ADJ,laidback,1
ADJ,dormer,1
ADJ,blueish,1
ADJ,meaningless,1
ADJ,total,1
NOUN,status,1
NOUN,pursuit,1
NOUN,quailty,1
NOUN,bathrobe,1
NOUN,scandi,1
NOUN,oodle,1
NOUN,right,1
NOUN,regulating,1
ADJ,cultural,1
ADJ,false,1
ADJ,zingy,1
ADJ,sensitive,1
ADJ,preferred,1
ADJ,artisanal,1
ADJ,grim,1
ADJ,foam,1
ADJ,pristine,1
ADJ,symmetrical,1
NOUN,floodlight,1
NOUN,enhancement,1
NOUN,drum,1
NOUN,adaptability,1
ADJ,nude,1
ADJ,affirm,1
ADJ,waterproof,1
ADJ,preloved,1
ADJ,wild,1
ADJ,pastoral,1
ADJ,ornate,1
ADJ,whopping,1
NOUN,mantle,1
NOUN,sauna,1
NOUN,duty,1
NOUN,moderation,1
NOUN,running,1
NOUN,compliance,1
NOUN,screening,1
ADJ,steadfast,1
ADJ,cushioned,1
ADJ,playtime,1
ADJ,viscoelastic,1
ADJ,hidden,1
ADJ,energetic,1
ADJ,advisable,1
ADJ,extravagant,1
ADJ,blond,1
ADJ,favour,1
NOUN,suit,1
NOUN,galley,1
NOUN,bistro,1
NOUN,biscuit,1
NOUN,busyness,1
NOUN,recess,1
NOUN,indent,1
ADJ,grandiose,1
ADJ,thrifted,1
ADJ,blush,1
ADJ,whimsy,1
ADJ,rented,1
ADJ,collapsible,1
ADJ,portable,1
ADJ,heartfelt,1
NOUN,return,1
NOUN,trelli,1
NOUN,candidate,1
NOUN,socialisation,1
NOUN,traction,1
NOUN,usability,1
NOUN,poncho,1
ADJ,enticing,1
ADJ,robust,1
ADJ,claustrophobic,1
ADJ,firmer,1
ADJ,stuffy,1
ADJ,unlikely,1
ADJ,strange,1
ADJ,ample,1
ADJ,muddy,1
NOUN,ear,1
NOUN,fortress,1
NOUN,weapon,1
NOUN,controller,1
NOUN,blessing,1
NOUN,excuse,1
NOUN,dryer,1
NOUN,ball,1
NOUN,cycle,1
NOUN,beginning,1
NOUN,snoozing,1
NOUN,recipe,1
ADJ,willing,1
ADJ,later,1
ADJ,core,1
ADJ,attainable,1
ADJ,overheat,1
ADJ,bestselling,1
ADJ,earthier,1
ADJ,correct,1
NOUN,plushness,1
NOUN,quilting,1
NOUN,roller,1
NOUN,wrong,1
ADJ,asleep,1
ADJ,yeat,1
ADJ,fashioned,1
ADJ,best,1
ADJ,principal,1
ADJ,ethnic,1
ADJ,soulful,1
ADJ,unable,1
ADJ,wise,1
ADJ,sacred,1
ADJ,motivated,1
NOUN,junk,1
NOUN,bob,1
NOUN,keepsake,1
NOUN,rush,1
NOUN,theory,1
ADJ,trodden,1
ADJ,qualified,1
ADJ,occupational,1
ADJ,characterful,1
ADJ,handwoven,1
ADJ,wholesomeness,1
ADJ,final,1
ADJ,american,1
ADJ,tiring,1
ADJ,spiced,1
ADJ,putty,1
ADJ,assured,1
NOUN,chameleon,1
NOUN,hunter,1
ADJ,pivotal,1
ADJ,certified,1
ADJ,unlimited,1
ADJ,mature,1
ADJ,fragrant,1
ADJ,mild,1
ADJ,national,1
ADJ,extraordinary,1
ADJ,gothic,1
ADJ,delish,1
NOUN,hollowfibre,1
NOUN,liking,1
NOUN,insulator,1
NOUN,microfibre,1
NOUN,myrrh,1
NOUN,pomander,1
ADJ,temporary,1
ADJ,negotiable,1
ADJ,herbal,1
ADJ,juvenile,1
ADJ,parisian,1
ADJ,croissant,1
ADJ,dissimilar,1
ADJ,simpy,1
ADJ,nostaglic,1
ADJ,sluggish,1
ADJ,splendid,1
ADJ,fab,1
ADJ,sleeper,1
ADJ,synthetic,1
ADJ,cinnamon,1
ADJ,swanky,1
NOUN,flipside,1
NOUN,bedlinen,1
NOUN,pleasure,1
NOUN,aisle,1
ADJ,european,1
ADJ,tinsel,1
ADJ,tasselled,1
ADJ,lazy,1
ADJ,urban,1
ADJ,satisfied,1
ADJ,pefect,1
ADJ,proof,1
ADJ,feline,1
ADJ,matching,1
ADJ,creepy,1
ADJ,sick,1
NOUN,foam,1
ADJ,lasting,1
ADJ,sentimental,1
ADJ,unscented,1
ADJ,secondary,1
ADJ,sustainable,1
ADJ,scandi,1
ADJ,insulated,1
ADJ,fail,1
ADJ,divisive,1
ADJ,usable,1
ADJ,rough,1
ADJ,compatible,1
NOUN,affair,1
NOUN,tester,1
NOUN,varie,1
NOUN,hardwood,1
NOUN,mimic,1
ADJ,nook,1
ADJ,dull,1
ADJ,damp,1
ADJ,dangerous,1
ADJ,proud,1
ADJ,leaded,1
ADJ,vivid,1
ADJ,following,1
ADJ,cooler,1
ADJ,cosseted,1
ADJ,risky,1
NOUN,wing,1
NOUN,bonus,1
NOUN,breathability,1
NOUN,installing,1
NOUN,ribbed,1
ADJ,petit,1
ADJ,airier,1
ADJ,successful,1
ADJ,independent,1
ADJ,circular,1
ADJ,crowded,1
ADJ,barn,1
ADJ,striped,1
ADJ,eager,1
ADJ,ceramic,1
ADJ,tiktok,1
ADJ,balmy,1
ADJ,innovative,1
ADJ,realistic,1
NOUN,sweltering,1
NOUN,textural,1
ADJ,xylo,1
ADJ,cocoon,1
ADJ,walnut,1
ADJ,mezzanine,1
ADJ,elaborate,1
ADJ,recognisable,1
ADJ,reflective,1
ADJ,foolproof,1
ADJ,unadorned,1
ADJ,grandmillennial,1
ADJ,bittersweet,1
ADJ,directional,1
NOUN,discovery,1
NOUN,crinkling,1
ADJ,sudden,1
ADJ,hyper,1
ADJ,loose,1
ADJ,distressed,1
ADJ,rainy,1
ADJ,snugness,1
ADJ,tell,1
ADJ,homemade,1
ADJ,reasonable,1
ADJ,normal,1
ADJ,sisal,1
ADJ,inducing,1
ADJ,aspirational,1
ADJ,paramount,1
ADJ,smelly,1
ADJ,rose,1
ADJ,valuable,1
ADJ,nesting,1
ADJ,sweeter,1
ADJ,woolly,1
ADJ,hooked,1
ADJ,desirable,1
ADJ,incredible,1
ADJ,fringed,1
ADJ,burleigh,1
ADJ,varied,1
ADJ,amiss,1
ADJ,worthwhile,1
ADJ,sheepskin,1
ADJ,dry,1
ADJ,prospective,1
ADJ,restorative,1
NOUN,grasscloth,1
NOUN,veneer,1
NOUN,sisal,1
NOUN,othman,1
ADJ,microwaveable,1
ADJ,haven,1
ADJ,mysterious,1
ADJ,endearing,1
ADJ,recycled,1
ADJ,decent,1
ADJ,lollipop,1
ADJ,bliss,1
ADJ,borg,1
ADJ,engaging,1
ADJ,rare,1
ADJ,inaugural,1
NOUN,blossoming,1
ADJ,aforementioned,1
ADJ,accurate,1
ADJ,awkward,1
ADJ,graphic,1
ADJ,cinematic,1
ADJ,generous,1
ADJ,brushed,1
ADJ,nigh,1
ADJ,marshmallowy,1
ADJ,official,1
ADJ,pompom,1
ADJ,embodiment,1
NOUN,silver,1
NOUN,wheel,1
NOUN,pencil,1
NOUN,infusion,1
ADJ,aplenty,1
ADJ,cosily,1
ADJ,buttoned,1
ADJ,venetian,1
ADJ,lightweight,1
ADJ,exuberant,1
ADJ,glitzy,1
ADJ,fiddle,1
ADJ,glamorous,1
ADJ,sugary,1
ADJ,tropical,1
ADJ,hazy,1
ADJ,attractive,1
ADJ,resourcefulness,1
ADJ,mongolian,1
ADJ,detrimental,1
ADJ,unmistakably,1
ADJ,simplest,1
ADJ,north,1
ADJ,costly,1
ADJ,drastic,1
ADJ,bluish,1
ADJ,flattering,1
ADJ,scenic,1
ADJ,tartan,1
ADJ,weary,1
ADJ,external,1
ADJ,random,1
ADJ,roomy,1
ADJ,direct,1
ADJ,silver,1
VERB,circulate,1
VERB,fluff,1
VERB,overspend,1
VERB,polish,1
VERB,superkeep,1
VERB,plummet,1
VERB,penetrate,1
VERB,recess,1
VERB,prase,1
VERB,improve,1
NOUN,corbel,1
ADJ,hearty,1
ADJ,asymmetric,1
ADJ,platey,1
ADJ,roman,1
ADJ,overcrowded,1
